Date,Open,High,Low,Close,Volume,Turnover
2017-01-02,8210.1,8212.0,8133.8,8179.5,122016111,52554900000.0
2017-01-03,8196.05,8219.1,8148.6,8192.25,131186021,60536700000.0
2017-01-04,8202.65,8218.5,8180.9,8190.5,136476345,65431300000.0
2017-01-05,8226.65,8282.65,8223.7,8273.8,163957452,81806800000.0
2017-01-06,8281.85,8306.85,8233.25,8243.8,143689850,72987400000.0
2017-01-09,8259.35,8263.0,8227.75,8236.05,102211190,51976200000.0
2017-01-10,8262.7,8293.8,8261.0,8288.6,147312927,69045700000.0
2017-01-11,8327.8,8389.0,8322.25,8380.65,192285417,89386800000.0
2017-01-12,8391.05,8417.2,8382.3,8407.2,177948383,73592400000.0
2017-01-13,8457.65,8461.05,8373.15,8400.35,190949616,91561600000.0
2017-01-16,8390.95,8426.7,8374.4,8412.8,127938836,60436700000.0
2017-01-17,8415.05,8440.9,8378.3,8398.0,125781216,63892100000.0
2017-01-18,8403.85,8460.3,8397.4,8417.0,168867039,74112300000.0
2017-01-19,8418.4,8445.15,8404.05,8435.1,170956149,73241400000.0
2017-01-20,8404.35,8423.65,8340.95,8349.35,208901233,90145100000.0
2017-01-23,8329.6,8404.15,8327.2,8391.5,200993100,86649400000.0
2017-01-24,8407.05,8480.95,8398.15,8475.8,184745781,85241700000.0
2017-01-25,8499.45,8612.6,8493.95,8602.75,301490150,139018900000.0
2017-01-27,8610.5,8672.7,8606.9,8641.25,283905821,115689200000.0
2017-01-30,8635.55,8662.6,8617.75,8632.75,314110760,93334900000.0
2017-01-31,8629.45,8631.75,8552.4,8561.3,537110119,147211700000.0
2017-02-01,8570.35,8722.4,8537.5,8716.4,337797412,134940500000.0
2017-02-02,8724.75,8757.6,8685.8,8734.25,292329202,115550200000.0
2017-02-03,8735.15,8748.25,8707.75,8740.95,196936238,81934500000.0
2017-02-06,8785.45,8814.1,8770.2,8801.05,200403782,87015100000.0
2017-02-07,8805.7,8809.3,8741.05,8768.3,233294532,90606299999.99998
2017-02-08,8774.55,8791.25,8715.0,8769.05,225485726,91102400000.0
2017-02-09,8795.55,8821.4,8724.1,8778.4,193282248,89726700000.0
2017-02-10,8812.35,8822.1,8771.2,8793.55,232947341,103201700000.0
2017-02-13,8819.8,8826.9,8754.2,8805.05,211180353,86594800000.0
2017-02-14,8819.9,8820.45,8772.5,8792.3,194133563,84944400000.0
2017-02-15,8778.95,8807.9,8712.85,8724.7,222828919,104723700000.00002
2017-02-16,8739.0,8783.95,8719.6,8778.0,190277738,96956299999.99998
2017-02-17,8883.7,8896.45,8804.25,8821.7,307526025,234325800000.00003
2017-02-20,8818.55,8886.25,8809.8,8879.2,173022362,78335300000.0
2017-02-21,8890.75,8920.8,8860.95,8907.85,181091326,88637099999.99998
2017-02-22,8931.6,8960.75,8905.25,8926.9,254677956,135140800000.0
2017-02-23,8956.4,8982.15,8927.55,8939.5,388874096,172430800000.00003
2017-02-27,8943.7,8951.8,8888.65,8896.7,195847099,103888300000.0
2017-02-28,8898.95,8914.75,8867.6,8879.6,302722890,138195700000.0
2017-03-01,8904.4,8960.8,8898.6,8945.8,212328974,96819900000.0
2017-03-02,8982.85,8992.5,8879.8,8899.75,225608140,100751900000.0
2017-03-03,8883.5,8907.1,8860.1,8897.55,208915878,97835700000.0
2017-03-06,8915.1,8967.8,8914.0,8963.45,180194586,89550600000.0
2017-03-07,8977.75,8977.85,8932.8,8946.9,178827506,81492800000.0
2017-03-08,8950.7,8957.05,8891.95,8924.3,183325544,94893600000.0
2017-03-09,8914.5,8945.8,8899.5,8927.0,176810453,84932099999.99998
2017-03-10,8953.7,8975.7,8903.95,8934.55,157419999,73852800000.0
2017-03-14,9091.65,9122.75,9060.5,9087.0,278726933,140875700000.0
2017-03-15,9086.85,9106.55,9075.5,9084.8,248033251,96715100000.0
2017-03-16,9129.65,9158.45,9128.55,9153.7,215096446,92750500000.0
2017-03-17,9207.8,9218.4,9147.6,9160.05,295554265,132262900000.00002
2017-03-20,9166.95,9167.6,9116.3,9126.85,342395900,92511600000.0
2017-03-21,9133.95,9147.75,9087.2,9121.5,255396073,101916000000.0
2017-03-22,9047.2,9072.9,9019.3,9030.45,239463699,100659200000.0
2017-03-23,9048.75,9099.05,9048.6,9086.3,197705274,86993600000.0
2017-03-24,9104.0,9133.55,9089.4,9108.0,210021581,88530300000.0
2017-03-27,9093.45,9094.85,9024.65,9045.2,209036051,89215700000.0
2017-03-28,9081.5,9110.4,9079.8,9100.8,188985603,81392800000.0
2017-03-29,9128.7,9153.15,9109.1,9143.8,250902906,110894300000.0
2017-03-30,9142.6,9183.15,9136.35,9173.75,333410368,155854200000.0
2017-03-31,9158.9,9191.7,9152.1,9173.75,196771674,109550500000.0
2017-04-03,9220.6,9245.35,9192.4,9237.85,143444541,83370600000.0
2017-04-05,9264.4,9273.9,9215.4,9265.15,190529461,114619599999.99998
2017-04-06,9245.8,9267.95,9218.85,9261.95,191937207,103326000000.0
2017-04-07,9223.7,9250.5,9188.1,9198.3,195918747,102171299999.99998
2017-04-10,9225.6,9225.65,9174.85,9181.45,139968750,81400800000.0
2017-04-11,9184.55,9242.7,9172.85,9237.0,206261727,93852000000.0
2017-04-12,9242.5,9246.4,9161.8,9203.45,166755013,84129700000.0
2017-04-13,9202.5,9202.65,9144.95,9150.8,171695600,89081700000.0
2017-04-17,9144.75,9160.0,9120.25,9139.3,132244225,64732700000.00001
2017-04-18,9163.0,9217.9,9095.45,9105.15,179569574,85275000000.0
2017-04-19,9112.2,9120.5,9075.15,9103.5,179117382,89502700000.0
2017-04-20,9108.1,9143.9,9102.65,9136.4,175629897,88435000000.0
2017-04-21,9179.1,9183.65,9088.75,9119.4,159981265,84766299999.99998
2017-04-24,9135.35,9225.4,9130.55,9217.95,172908048,97207500000.0
2017-04-25,9273.05,9309.2,9250.35,9306.6,173896951,104260200000.0
2017-04-26,9336.2,9367.0,9301.35,9351.85,191395120,104833200000.0
2017-04-27,9359.15,9367.15,9322.65,9342.15,215881711,129103799999.99998
2017-04-28,9340.95,9342.65,9282.25,9304.05,167229353,86733200000.0
2017-05-02,9339.85,9352.55,9269.9,9313.8,166558241,91105900000.0
2017-05-03,9344.7,9346.3,9298.4,9311.95,156342492,79751400000.0
2017-05-04,9360.95,9365.65,9323.25,9359.9,277895923,123797400000.0
2017-05-05,9374.55,9377.1,9272.0,9285.3,239133531,104666800000.0
2017-05-08,9311.45,9338.7,9297.95,9314.05,179709949,83002200000.0
2017-05-09,9337.35,9338.95,9307.7,9316.85,136417428,75046600000.0
2017-05-10,9339.65,9414.75,9336.0,9407.3,157363135,86190600000.0
2017-05-11,9448.6,9450.65,9411.3,9422.4,176439840,92898900000.0
2017-05-12,9436.65,9437.75,9372.55,9400.9,159079418,98134700000.0
2017-05-15,9433.55,9449.25,9423.1,9445.4,145163953,77909700000.0
2017-05-16,9461.0,9517.2,9456.35,9512.25,171709433,92098900000.0
2017-05-17,9517.6,9532.6,9486.1,9525.75,211856040,107262300000.0
2017-05-18,9453.2,9489.1,9418.1,9429.45,199340647,107824599999.99998
2017-05-19,9469.9,9505.75,9390.75,9427.9,259861396,115447700000.0
2017-05-22,9480.25,9498.65,9427.9,9438.25,202874757,94329700000.0
2017-05-23,9445.05,9448.05,9370.0,9386.15,231345629,115532700000.0
2017-05-24,9410.9,9431.9,9341.65,9360.55,218265181,110459500000.0
2017-05-25,9384.05,9523.3,9379.2,9509.75,298147347,169642599999.99997
2017-05-26,9507.75,9604.9,9495.4,9595.1,225647631,112043600000.0
2017-05-29,9560.05,9637.75,9547.7,9604.9,242266034,124846100000.0
2017-05-30,9590.65,9635.3,9581.2,9624.55,199894193,97654000000.0
2017-05-31,9636.55,9649.6,9609.25,9621.25,427053433,196059400000.0
2017-06-01,9603.55,9634.65,9589.9,9616.1,181533283,94826100000.0
2017-06-02,9657.15,9673.5,9637.45,9653.5,167195027,85643000000.0
2017-06-05,9656.3,9687.2,9640.7,9675.1,131685021,71922400000.0
2017-06-06,9704.25,9709.3,9630.2,9637.15,150379695,84165500000.0
2017-06-07,9663.95,9678.55,9630.55,9663.9,165669924,89893600000.0
2017-06-08,9682.4,9688.7,9641.5,9647.25,160165459,88226299999.99998
2017-06-09,9638.55,9676.25,9608.15,9668.25,163897548,90787099999.99998
2017-06-12,9646.7,9647.05,9598.5,9616.4,145786938,76868900000.0
2017-06-13,9615.55,9654.15,9595.4,9606.9,133734363,70568300000.0
2017-06-14,9621.55,9627.4,9580.45,9618.15,187378750,105406800000.0
2017-06-15,9617.9,9621.4,9560.8,9578.05,176423424,98680800000.0
2017-06-16,9595.45,9615.85,9565.5,9588.05,219808528,119206200000.00002
2017-06-19,9626.4,9673.3,9614.9,9657.55,146146062,81443600000.0
2017-06-20,9670.5,9676.5,9643.75,9653.5,164437226,84766700000.0
2017-06-21,9648.1,9650.45,9608.6,9633.6,148490556,80234000000.0
2017-06-22,9642.65,9698.85,9617.75,9630.0,204888654,107384500000.0
2017-06-23,9643.25,9647.65,9565.3,9574.95,180580579,90927400000.0
2017-06-27,9594.05,9615.4,9473.45,9511.4,209593904,110845100000.0
2017-06-28,9520.2,9522.5,9474.35,9491.25,177652206,91037300000.0
2017-06-29,9522.95,9575.8,9493.8,9504.1,267283587,133958500000.0
2017-06-30,9478.5,9535.8,9448.75,9520.9,185202600,87835900000.0
2017-07-03,9587.95,9624.0,9543.55,9615.0,188690599,87207600000.0
2017-07-04,9645.9,9650.65,9595.5,9613.3,149313755,77746900000.0
2017-07-05,9619.75,9643.65,9607.35,9637.6,134849476,73111000000.0
2017-07-06,9653.6,9700.7,9639.95,9674.55,152001940,75392100000.0
2017-07-07,9670.35,9684.25,9642.65,9665.8,146232151,85145300000.0
2017-07-10,9719.3,9782.15,9646.45,9771.05,40142973,19207800000.0
2017-07-11,9797.45,9830.05,9778.85,9786.05,185322358,99084100000.0
2017-07-12,9807.3,9824.95,9787.7,9816.1,150045594,79664400000.0
2017-07-13,9855.8,9897.25,9853.45,9891.7,186866752,102445600000.0
2017-07-14,9913.3,9913.3,9845.45,9886.35,164456602,91877099999.99998
2017-07-17,9908.15,9928.2,9894.7,9915.95,168596771,83104800000.0
2017-07-18,9832.7,9885.35,9792.05,9827.15,303007860,131842200000.0
2017-07-19,9855.95,9905.05,9851.65,9899.6,206376192,109356000000.0
2017-07-20,9920.2,9922.55,9863.45,9873.3,166083004,89425600000.0
2017-07-21,9899.6,9924.7,9838.0,9915.25,193286125,118602800000.0
2017-07-24,9936.8,9982.05,9919.6,9966.4,179905535,108372000000.0
2017-07-25,10010.55,10011.3,9949.1,9964.55,191206247,104913200000.0
2017-07-26,9983.65,10025.95,9965.95,10020.65,203697844,114033000000.0
2017-07-27,10063.25,10114.85,10005.5,10020.55,296782048,186019900000.00003
2017-07-28,9996.55,10026.05,9944.5,10014.5,197491415,119968000000.0
2017-07-31,10034.7,10085.9,10016.95,10077.1,245096535,131318900000.0
2017-08-01,10101.05,10128.6,10065.75,10114.65,190000516,115152900000.00002
2017-08-02,10136.3,10137.85,10054.2,10081.5,166463276,91659200000.0
2017-08-03,10081.15,10081.15,9998.25,10013.65,198665837,107141000000.0
2017-08-04,10008.6,10075.25,9988.35,10066.4,184082134,103978799999.99998
2017-08-07,10074.8,10088.1,10046.35,10057.4,141566282,78279500000.0
2017-08-08,10068.35,10083.8,9947.0,9978.55,209645343,107804100000.0
2017-08-09,9961.15,9969.8,9893.05,9908.05,174395293,88317200000.0
2017-08-10,9872.85,9892.65,9776.2,9820.25,242820594,120401299999.99998
2017-08-11,9712.15,9771.65,9685.55,9710.8,294732998,134355600000.0
2017-08-14,9755.75,9818.3,9752.1,9794.15,201613585,94868200000.0
2017-08-16,9825.85,9903.95,9773.85,9897.3,226269013,108153799999.99998
2017-08-17,9945.55,9947.8,9883.75,9904.15,203652311,99274700000.0
2017-08-18,9865.95,9865.95,9783.65,9837.4,253931517,156361600000.0
2017-08-21,9864.25,9884.35,9740.1,9754.35,211627775,117640000000.0
2017-08-22,9815.75,9828.45,9752.6,9765.55,189267122,98508900000.0
2017-08-23,9803.05,9857.9,9786.75,9852.5,173815509,99611299999.99998
2017-08-24,9881.2,9881.5,9848.85,9857.05,190398702,103926299999.99998
2017-08-28,9907.15,9925.75,9882.0,9912.8,164493772,99000600000.0
2017-08-29,9886.4,9887.35,9783.75,9796.05,178668444,84690900000.0
2017-08-30,9859.5,9909.45,9850.8,9884.4,162704136,80087200000.0
2017-08-31,9905.7,9925.1,9856.95,9917.9,337782004,146194300000.0
2017-09-01,9937.65,9983.45,9909.85,9974.4,162730656,93148200000.0
2017-09-04,9984.15,9988.4,9861.0,9912.85,153369495,80696400000.0
2017-09-05,9933.25,9963.1,9901.05,9952.2,143522342,75666200000.0
2017-09-06,9899.25,9931.55,9882.55,9916.2,153767846,89269800000.0
2017-09-07,9945.85,9964.85,9917.2,9929.9,194626599,94554800000.0
2017-09-08,9958.65,9963.6,9913.3,9934.8,168698771,87924900000.0
2017-09-11,9971.75,10028.65,9968.8,10006.05,178409875,95459400000.0
2017-09-12,10056.85,10097.55,10028.05,10093.05,188248293,98942000000.0
2017-09-13,10099.25,10131.95,10063.15,10079.3,221608053,106824100000.0
2017-09-14,10107.4,10126.5,10070.35,10086.6,232637517,110474599999.99998
2017-09-15,10062.35,10115.15,10043.65,10085.4,274799134,136509000000.0
2017-09-18,10133.1,10171.7,10131.3,10153.1,160852680,81066600000.0
2017-09-19,10175.6,10178.95,10129.95,10147.55,193345992,87962099999.99998
2017-09-20,10160.95,10171.05,10134.2,10141.15,205605243,101057099999.99998
2017-09-21,10139.6,10158.9,10058.6,10121.9,197710666,111142800000.0
2017-09-22,10094.35,10095.05,9952.8,9964.4,233621596,119418799999.99998
2017-09-25,9960.1,9960.5,9816.05,9872.6,228206970,112586800000.0
2017-09-26,9875.25,9891.35,9813.0,9871.5,196792799,97540200000.0
2017-09-27,9920.6,9921.05,9714.4,9735.75,206305991,101273900000.0
2017-09-28,9736.4,9789.2,9687.55,9768.95,396874518,189624000000.0
2017-09-29,9814.3,9854.0,9775.35,9788.6,202350211,110871100000.0
2017-10-03,9893.3,9895.4,9831.05,9859.5,167833406,96985500000.0
2017-10-04,9884.35,9938.3,9850.65,9914.9,160993982,87902900000.00002
2017-10-05,9927.0,9945.95,9881.85,9888.7,152362417,78235500000.0
2017-10-06,9908.15,9989.35,9906.6,9979.7,201858899,99861800000.0
2017-10-09,9988.2,10015.75,9959.45,9988.75,148395842,74251900000.0
2017-10-10,10013.7,10034.0,10002.3,10016.95,153246570,80555000000.0
2017-10-11,10042.6,10067.25,9955.8,9984.8,195593061,102279000000.0
2017-10-12,10011.2,10104.45,9977.1,10096.4,207106672,105798000000.0
2017-10-13,10123.7,10191.9,10120.1,10167.45,237230047,123798000000.0
2017-10-16,10207.4,10242.95,10175.1,10230.85,209327364,117746800000.0
2017-10-17,10227.65,10251.85,10212.6,10234.45,201782377,104228100000.0
2017-10-18,10209.4,10236.45,10175.75,10210.85,262111790,131778300000.0
2017-10-19,10210.35,10211.95,10123.35,10146.55,31086379,16851600000.0
2017-10-23,10176.65,10224.15,10124.5,10184.85,224799211,121443100000.0
2017-10-24,10218.55,10237.75,10182.4,10207.7,223914325,115397300000.0
2017-10-25,10321.15,10340.55,10240.9,10295.35,612620774,259225099999.99997
2017-10-26,10291.8,10355.65,10271.85,10343.8,443036008,231354600000.0
2017-10-27,10362.3,10366.15,10311.3,10323.05,322411410,151499000000.0
2017-10-30,10353.85,10384.5,10344.3,10363.65,244193178,125587000000.0
2017-10-31,10364.9,10367.7,10323.95,10335.3,239809700,128300600000.0
2017-11-01,10390.35,10451.65,10383.05,10440.5,268270466,142062100000.0
2017-11-02,10440.5,10453.0,10412.55,10423.8,207735021,107796299999.99998
2017-11-03,10461.55,10461.7,10403.6,10452.5,206101238,100708300000.0
2017-11-06,10431.75,10490.45,10413.75,10451.8,199559409,102317600000.0
2017-11-07,10477.15,10485.75,10340.8,10350.15,295830692,161824600000.0
2017-11-08,10361.95,10384.25,10285.5,10303.15,282950322,147893900000.0
2017-11-09,10358.65,10368.45,10266.95,10308.95,247606613,126972800000.0
2017-11-10,10304.35,10344.95,10254.1,10321.75,287962940,146826000000.0
2017-11-13,10322.0,10334.15,10216.25,10224.95,216799588,117833400000.0
2017-11-14,10223.4,10248.0,10175.55,10186.6,314413476,153989700000.0
2017-11-15,10171.95,10175.45,10094.0,10118.05,213836202,116091800000.0
2017-11-16,10152.9,10232.25,10139.2,10214.75,188180035,99955500000.0
2017-11-17,10324.55,10343.6,10268.05,10283.6,209592893,110233500000.0
2017-11-20,10287.2,10309.85,10261.5,10298.75,151751415,85026299999.99998
2017-11-21,10329.25,10358.7,10315.05,10326.9,191859084,104439900000.0
2017-11-22,10350.8,10368.7,10309.55,10342.3,162504058,91360400000.00002
2017-11-23,10358.45,10374.3,10307.3,10348.75,157651842,87894200000.0
2017-11-24,10366.8,10404.5,10362.25,10389.7,133177324,81976600000.0
2017-11-27,10361.05,10407.15,10340.2,10399.55,146276512,75517100000.0
2017-11-28,10387.9,10409.55,10355.2,10370.25,202050866,99792500000.0
2017-11-29,10376.65,10392.95,10345.9,10361.3,157192930,88528000000.0
2017-11-30,10332.7,10332.7,10211.25,10226.55,353105240,190055600000.0
2017-12-01,10263.7,10272.7,10108.55,10121.8,147765528,85185800000.0
2017-12-04,10175.05,10179.2,10095.7,10127.75,153240126,84586600000.0
2017-12-05,10118.25,10147.95,10069.1,10118.25,160253042,87490900000.0
2017-12-06,10088.8,10104.2,10033.35,10044.1,171208366,95988200000.0
2017-12-07,10063.45,10182.65,10061.9,10166.7,171339022,99102800000.0
2017-12-08,10198.45,10270.85,10195.25,10265.65,206234019,114681500000.0
2017-12-11,10310.5,10329.2,10282.05,10322.25,152034656,84537600000.0
2017-12-12,10324.9,10326.1,10230.2,10240.15,180546894,103802400000.0
2017-12-13,10236.6,10296.55,10169.85,10192.95,187191964,100704400000.0
2017-12-14,10229.3,10276.1,10141.55,10252.1,159103960,95492300000.0
2017-12-15,10345.65,10373.1,10319.65,10333.25,262974703,151067700000.0
2017-12-18,10263.1,10443.55,10074.8,10388.75,237506982,129216100000.0
2017-12-19,10414.8,10472.2,10406.0,10463.2,174340665,109829500000.0
2017-12-20,10494.4,10494.45,10437.15,10444.2,180597460,113030000000.0
2017-12-21,10473.95,10473.95,10426.9,10440.3,156646972,94112000000.0
2017-12-22,10457.3,10501.1,10448.25,10493.0,143119167,87553200000.0
2017-12-26,10512.3,10545.45,10477.95,10531.5,160417384,90437700000.0
2017-12-27,10531.05,10552.4,10469.25,10490.75,170307122,90776000000.0
2017-12-28,10498.2,10534.55,10460.45,10477.9,281309989,145515800000.0
2017-12-29,10492.35,10538.7,10488.65,10530.7,156736221,89431000000.0
2018-01-01,10531.7,10537.85,10423.1,10435.55,134532090,75465600000.0
2018-01-02,10477.55,10495.2,10404.65,10442.2,158092430,86654700000.0
2018-01-03,10482.65,10503.6,10429.55,10443.2,172516859,95416000000.0
2018-01-04,10469.4,10513.0,10441.45,10504.8,180257392,95619500000.0
2018-01-05,10534.25,10566.1,10520.1,10558.85,186469717,103062200000.0
2018-01-08,10591.7,10631.2,10588.55,10623.6,174181231,99072700000.0
2018-01-09,10645.1,10659.15,10603.6,10637.0,211291563,107333700000.00002
2018-01-10,10652.05,10655.5,10592.7,10632.2,181900014,97206500000.0
2018-01-11,10637.05,10664.6,10612.35,10651.2,158630055,96350100000.0
2018-01-12,10682.55,10690.4,10597.1,10681.25,180592153,110051200000.00002
2018-01-15,10718.5,10782.65,10713.8,10741.55,181262074,113331100000.0
2018-01-16,10761.5,10762.35,10687.85,10700.45,217468081,127094400000.0
2018-01-17,10702.45,10803.0,10666.75,10788.55,260488465,143342600000.0
2018-01-18,10873.4,10887.5,10782.4,10817.0,321609375,179303000000.0
2018-01-19,10829.2,10906.85,10793.9,10894.7,214011963,117922600000.0
2018-01-22,10883.2,10975.1,10881.4,10966.2,238815813,144690600000.0
2018-01-23,10997.4,11092.9,10994.55,11083.7,293445774,164239100000.0
2018-01-24,11069.35,11110.1,11046.15,11086.0,292197072,169151400000.0
2018-01-25,11095.6,11095.6,11009.2,11069.65,340469462,199395400000.0
2018-01-29,11079.35,11171.55,11075.95,11130.4,249220726,161183600000.0
2018-01-30,11120.85,11121.1,11033.9,11049.65,234969503,132321900000.0
2018-01-31,11018.8,11058.5,10979.3,11027.7,253462573,144596900000.0
2018-02-01,11044.55,11117.35,10878.8,11016.9,315743486,177194000000.0
2018-02-02,10938.2,10954.95,10736.1,10760.6,291431992,165425099999.99997
2018-02-05,10604.3,10702.75,10586.8,10666.55,247479157,139806300000.0
2018-02-06,10295.15,10594.15,10276.3,10498.25,274656443,156063400000.0
2018-02-07,10607.2,10614.0,10446.4,10476.7,258095424,139716600000.0
2018-02-08,10518.5,10637.8,10479.55,10576.85,239407938,125692300000.0
2018-02-09,10416.5,10480.2,10398.2,10454.95,197502912,106021500000.0
2018-02-12,10518.2,10555.5,10485.4,10539.75,224114801,111337800000.0
2018-02-14,10585.75,10590.55,10456.65,10500.9,236329440,121889400000.0
2018-02-15,10537.9,10618.1,10511.05,10545.5,217090245,110353799999.99998
2018-02-16,10596.2,10612.9,10434.05,10452.3,190043189,100267099999.99998
2018-02-19,10488.9,10489.35,10302.75,10378.4,193087737,98713600000.0
2018-02-20,10391.0,10429.35,10347.65,10360.4,193464871,96199500000.0
2018-02-21,10426.0,10426.1,10349.6,10397.45,241331542,129963600000.0
2018-02-22,10354.35,10397.55,10340.65,10382.7,323259078,177114600000.0
2018-02-23,10408.1,10499.1,10396.65,10491.05,217134363,127043200000.0
2018-02-26,10526.55,10592.95,10520.2,10582.6,177238616,102748900000.0
2018-02-27,10615.2,10631.65,10537.25,10554.3,193250158,102764200000.0
2018-02-28,10488.95,10535.5,10461.55,10492.85,294794221,162991100000.0
2018-03-01,10479.95,10525.5,10447.15,10458.35,181378504,101794800000.0
2018-03-05,10428.3,10428.7,10323.9,10358.85,199975720,106739200000.0
2018-03-06,10420.5,10441.35,10215.9,10249.25,229782297,121439500000.0
2018-03-07,10232.95,10243.35,10141.55,10154.2,257200599,121288799999.99998
2018-03-08,10216.25,10270.35,10146.4,10242.65,233377712,114795100000.0
2018-03-09,10271.3,10296.7,10211.9,10226.85,192333334,98748100000.0
2018-03-12,10301.6,10433.65,10295.45,10421.4,223135459,109689500000.0
2018-03-13,10389.5,10478.6,10377.85,10426.85,274852794,239652500000.0
2018-03-14,10393.05,10420.35,10336.3,10410.9,186991169,95646800000.0
2018-03-15,10405.45,10420.0,10346.2,10360.15,179308593,85880100000.0
2018-03-16,10345.15,10346.3,10180.25,10195.15,338702439,188119700000.0
2018-03-19,10215.35,10224.55,10075.3,10094.25,216670033,111114300000.0
2018-03-20,10051.55,10155.65,10049.1,10124.35,209327593,109471200000.00002
2018-03-21,10181.95,10227.3,10132.95,10155.25,211060429,112697300000.0
2018-03-22,10167.5,10207.85,10105.4,10114.75,237632983,115588799999.99998
2018-03-23,9968.8,10027.7,9951.9,9998.05,294515154,144351700000.0
2018-03-26,9989.15,10143.5,9958.55,10130.65,270665332,126954700000.0
2018-03-27,10188.0,10207.9,10139.65,10184.15,232713976,111757900000.00002
2018-03-28,10143.6,10158.35,10096.9,10113.7,354977198,188074800000.0
2018-04-02,10151.65,10220.1,10127.75,10211.8,223135459,109689500000.0
2018-04-03,10186.85,10255.35,10171.05,10245.0,211652029,101671200000.00002
2018-04-04,10274.6,10279.85,10111.3,10128.4,238182921,118617900000.00002
2018-04-05,10228.45,10331.8,10227.45,10325.15,244116235,116749200000.0
2018-04-06,10322.75,10350.45,10290.85,10331.6,206355691,101317400000.0
2018-04-09,10333.7,10397.7,10328.5,10379.35,228512954,107141299999.99998
2018-04-10,10412.9,10424.85,10381.5,10402.25,259523888,119051200000.00002
2018-04-11,10428.15,10428.15,10355.6,10417.15,258077363,117905800000.0
2018-04-12,10410.65,10469.9,10395.25,10458.65,246027888,122496600000.0
2018-04-13,10495.3,10519.9,10451.45,10480.6,219724716,123545500000.0
2018-04-16,10398.3,10540.15,10396.35,10528.35,200950876,112420500000.0
2018-04-17,10557.3,10560.45,10495.65,10548.7,212449535,105017099999.99998
2018-04-18,10578.9,10594.2,10509.7,10526.2,211823044,98886500000.0
2018-04-19,10563.65,10572.2,10546.2,10565.3,270740891,125591100000.0
2018-04-20,10560.35,10582.35,10527.45,10564.05,252227268,153726600000.0
2018-04-23,10592.8,10638.35,10514.95,10584.7,200203196,136426700000.0
2018-04-24,10578.1,10636.8,10569.0,10614.35,225972673,122815300000.0
2018-04-25,10612.4,10612.6,10536.45,10570.55,195129613,111251100000.0
2018-04-26,10586.5,10628.4,10559.65,10617.8,345536167,192004100000.0
2018-04-27,10651.65,10719.8,10647.55,10692.3,306671172,168868900000.0
2018-04-30,10705.75,10759.0,10704.6,10739.35,179163468,104125700000.0
2018-05-02,10783.85,10784.65,10689.8,10718.05,236757172,148205800000.0
2018-05-03,10720.15,10720.6,10647.45,10679.65,190869804,110182099999.99998
2018-05-04,10700.45,10700.45,10601.6,10618.25,192296041,97215600000.0
2018-05-07,10653.15,10725.65,10635.65,10715.5,173620240,92394400000.0
2018-05-08,10757.9,10758.55,10689.4,10717.8,278118616,127834900000.0
2018-05-09,10693.35,10766.25,10689.85,10741.7,222115640,103909200000.0
2018-05-10,10779.65,10785.55,10705.0,10716.55,197988475,105263799999.99998
2018-05-11,10741.95,10812.05,10724.45,10806.5,209392114,104324300000.0
2018-05-14,10815.15,10834.85,10774.75,10806.6,176697512,90754400000.0
2018-05-15,10812.6,10929.2,10781.4,10801.85,262202312,135827000000.0
2018-05-16,10751.95,10790.45,10699.7,10741.1,238221884,113594800000.0
2018-05-17,10775.6,10777.25,10664.5,10682.7,220738923,125063000000.0
2018-05-18,10671.85,10674.95,10589.1,10596.4,229908939,139084700000.0
2018-05-21,10616.7,10621.7,10505.8,10516.7,197294184,113461299999.99998
2018-05-22,10518.45,10558.6,10490.55,10536.7,249236637,120173600000.0
2018-05-23,10521.1,10533.55,10417.8,10430.35,299919120,134566000000.0
2018-05-24,10464.85,10535.15,10419.8,10513.85,306792497,129141600000.0
2018-05-25,10533.05,10628.05,10524.0,10605.15,268914888,124311600000.0
2018-05-28,10648.35,10709.8,10640.55,10688.65,239786001,117643500000.0
2018-05-29,10689.4,10717.25,10616.1,10633.3,232761575,118173900000.0
2018-05-30,10579.0,10648.7,10558.45,10614.35,246124259,122247600000.0
2018-05-31,10670.1,10763.8,10620.4,10736.15,629198569,294797700000.0
2018-06-01,10738.45,10764.75,10681.5,10696.2,227355567,129650100000.0
2018-06-04,10765.95,10770.3,10618.35,10628.5,210148313,141204900000.0
2018-06-05,10630.7,10633.15,10550.9,10593.15,172898027,100275400000.00002
2018-06-06,10603.45,10698.35,10587.5,10684.65,195761429,99207500000.0
2018-06-07,10722.6,10818.0,10722.6,10768.35,227663151,113152400000.0
2018-06-08,10736.4,10779.45,10709.05,10767.65,215942528,123608799999.99998
2018-06-11,10781.85,10850.55,10777.05,10786.95,217849903,113849700000.0
2018-06-12,10816.15,10856.55,10789.4,10842.85,204419184,119890700000.0
2018-06-13,10887.5,10893.25,10842.65,10856.7,220003032,129828000000.0
2018-06-14,10832.9,10833.7,10773.55,10808.05,190031664,116597900000.00002
2018-06-15,10808.65,10834.0,10755.4,10817.7,314764425,192714300000.0
2018-06-18,10830.2,10830.2,10787.35,10799.85,202727202,111824800000.0
2018-06-19,10789.45,10789.45,10701.2,10710.45,231382790,122901600000.0
2018-06-20,10734.65,10781.8,10724.05,10772.05,199467082,108583500000.0
2018-06-21,10808.45,10809.6,10725.9,10741.1,230507383,122111800000.0
2018-06-22,10742.7,10837.0,10710.45,10821.85,236898415,135200100000.0
2018-06-25,10822.9,10831.05,10753.05,10762.45,236693278,120124100000.0
2018-06-26,10742.7,10805.25,10732.55,10769.15,226846382,121135300000.0
2018-06-27,10785.5,10785.5,10652.4,10671.4,253620792,138370300000.0
2018-06-28,10660.8,10674.2,10557.7,10589.1,363157327,201879800000.0
2018-06-29,10612.85,10723.05,10612.35,10714.3,250327878,144401700000.0
2018-07-02,10732.35,10736.15,10604.65,10657.3,304536687,135913000000.0
2018-07-03,10668.6,10713.3,10630.25,10699.9,208371545,108968900000.0
2018-07-04,10715.0,10777.15,10677.75,10769.9,179268271,103886900000.0
2018-07-05,10786.05,10786.05,10726.25,10749.75,227267176,136765800000.0
2018-07-06,10744.15,10816.35,10735.05,10772.65,256547706,140064800000.0
2018-07-09,10838.3,10860.35,10807.15,10852.9,189331016,108439200000.0
2018-07-10,10902.75,10956.9,10876.65,10947.25,203061980,128348500000.0
2018-07-11,10956.4,10976.65,10923.0,10948.3,229211999,159444500000.0
2018-07-12,11006.95,11078.3,10999.65,11023.2,256034815,157872800000.0
2018-07-13,11056.9,11071.35,10999.75,11018.9,241670818,147445600000.0
2018-07-16,11018.95,11019.5,10926.25,10936.85,216971413,137095700000.0
2018-07-17,10939.65,11018.5,10925.6,11008.05,217107580,126494000000.0
2018-07-18,11060.2,11076.2,10956.3,10980.45,232502459,133202000000.0
2018-07-19,10999.5,11006.5,10935.45,10957.1,222056399,121999800000.0
2018-07-20,10963.5,11030.25,10946.2,11010.2,193144113,141059400000.0
2018-07-23,11019.85,11093.4,11010.95,11084.75,236153085,149325100000.0
2018-07-24,11109.0,11143.4,11092.5,11134.3,212247395,139311500000.0
2018-07-25,11148.4,11157.15,11113.25,11132.0,212333169,125288000000.0
2018-07-26,11132.95,11185.85,11125.7,11167.3,376657398,215953300000.00003
2018-07-27,11232.75,11283.4,11210.25,11278.35,324343457,152030900000.0
2018-07-30,11296.65,11328.1,11261.45,11319.55,287435926,147166600000.0
2018-07-31,11311.05,11366.0,11267.75,11356.5,264430889,152974000000.0
2018-08-01,11359.8,11390.55,11313.55,11346.2,278012697,144361200000.0
2018-08-02,11328.9,11328.9,11234.95,11244.7,216533127,122676600000.0
2018-08-03,11297.8,11368.0,11294.55,11360.8,225146360,129846600000.0
2018-08-06,11401.5,11427.65,11370.6,11387.1,210002582,113215500000.0
2018-08-07,11423.15,11428.95,11359.7,11389.45,233409612,124577099999.99998
2018-08-08,11412.5,11459.95,11379.3,11450.0,217047641,124226200000.00002
2018-08-09,11493.25,11495.2,11454.1,11470.7,311521403,158427600000.0
2018-08-10,11474.95,11478.75,11419.65,11429.5,336424182,157382600000.0
2018-08-13,11369.6,11406.3,11340.3,11355.75,254466760,128992200000.0
2018-08-14,11381.7,11452.45,11370.8,11435.1,239841680,139353500000.0
2018-08-16,11397.15,11449.85,11366.25,11385.05,299610298,170816200000.0
2018-08-17,11437.15,11486.45,11431.8,11470.75,241985503,132753100000.0
2018-08-20,11502.1,11565.3,11499.65,11551.75,239843358,141199300000.0
2018-08-21,11576.2,11581.75,11539.6,11570.9,231063669,135288300000.0
2018-08-23,11620.7,11620.7,11546.7,11582.75,256163842,161177700000.0
2018-08-24,11566.6,11604.6,11532.0,11557.1,225604574,130195500000.0
2018-08-27,11605.85,11700.95,11595.6,11691.95,205689327,117075000000.0
2018-08-28,11731.95,11760.2,11710.5,11738.5,249420312,139467000000.0
2018-08-29,11744.95,11753.2,11678.85,11691.9,259351550,143246500000.0
2018-08-30,11694.75,11698.8,11639.7,11676.8,323450305,182755400000.0
2018-08-31,11675.85,11727.65,11640.1,11680.5,357230312,207557300000.0
2018-09-03,11751.8,11751.8,11567.4,11582.35,241726864,161395800000.0
2018-09-04,11598.75,11602.55,11496.85,11520.3,262701030,162547800000.0
2018-09-05,11514.85,11542.65,11393.85,11476.95,253689858,150782300000.0
2018-09-06,11514.15,11562.25,11436.05,11536.9,255558129,151610000000.0
2018-09-07,11558.25,11603.0,11484.4,11589.1,305029077,164410200000.0
2018-09-10,11570.25,11573.0,11427.3,11438.1,295597988,165138900000.0
2018-09-11,11476.85,11479.4,11274.0,11287.5,318093125,187455400000.0
2018-09-12,11340.1,11380.75,11250.2,11369.9,276509748,155679000000.0
2018-09-14,11443.5,11523.25,11430.55,11515.2,285218296,164233600000.0
2018-09-17,11464.95,11464.95,11366.9,11377.75,207620518,112948400000.0
2018-09-18,11381.55,11411.45,11268.95,11278.9,248298794,138141100000.0
2018-09-19,11326.65,11332.05,11210.9,11234.35,258424384,151166900000.0
2018-09-21,11271.3,11346.8,10866.45,11143.1,741153209,351311900000.0
2018-09-24,11164.4,11170.15,10943.6,10967.4,398815949,230233400000.0
2018-09-25,10969.95,11080.6,10882.85,11067.45,417548830,228785700000.0
2018-09-26,11145.55,11145.55,10993.05,11053.8,351041146,178036800000.0
2018-09-27,11079.8,11089.45,10953.35,10977.55,418210067,225828600000.0
2018-09-28,11008.1,11034.1,10850.3,10930.45,492894147,232278600000.0
2018-10-01,10930.9,11035.65,10821.55,11008.3,398987274,203917200000.0
2018-10-03,10982.7,10989.05,10843.75,10858.25,398756507,212255900000.0
2018-10-04,10754.7,10754.7,10547.25,10599.25,438202008,237115700000.0
2018-10-05,10514.1,10540.65,10261.9,10316.45,625153832,252542100000.0
2018-10-08,10310.15,10398.35,10198.4,10348.05,470279031,221309400000.0
2018-10-09,10390.3,10397.6,10279.35,10301.05,443795275,182854100000.0
2018-10-10,10331.85,10482.35,10318.25,10460.1,373844130,195925900000.0
2018-10-11,10169.8,10335.95,10138.6,10234.65,498509417,219071300000.0
2018-10-12,10331.55,10492.45,10322.15,10472.5,354056762,186060400000.0
2018-10-15,10524.2,10526.3,10410.15,10512.5,267517728,143721500000.0
2018-10-16,10550.15,10604.9,10525.3,10584.75,273444095,154530300000.0
2018-10-17,10688.7,10710.15,10436.45,10453.05,293586908,171731400000.0
2018-10-19,10339.7,10380.1,10249.6,10303.55,368552204,205056600000.0
2018-10-22,10405.85,10408.55,10224.0,10245.25,306472776,172419400000.0
2018-10-23,10152.6,10222.1,10102.35,10146.8,312042090,181147100000.0
2018-10-24,10278.15,10290.65,10126.7,10224.75,362272428,194132400000.00003
2018-10-25,10135.05,10166.6,10079.3,10124.9,522421914,235037599999.99997
2018-10-26,10122.35,10128.85,10004.55,10030.0,375563273,161201400000.0
2018-10-29,10078.1,10275.3,10020.35,10250.85,375749433,175148500000.0
2018-10-30,10239.4,10285.1,10175.35,10198.4,298753965,147895100000.0
2018-10-31,10209.55,10396.0,10105.1,10386.6,386618948,215138500000.0
2018-11-01,10441.7,10441.9,10341.9,10380.45,359340403,181118800000.0
2018-11-02,10462.3,10606.95,10457.7,10553.0,434175607,217588000000.0
2018-11-05,10558.75,10558.8,10477.0,10524.0,311176379,147611700000.0
2018-11-06,10552.0,10600.25,10491.45,10530.0,309878810,140061900000.0
2018-11-07,10614.45,10616.45,10582.3,10598.4,32194181,15340800000.0
2018-11-09,10614.7,10619.55,10544.85,10585.2,305817331,152948300000.0
2018-11-12,10607.8,10645.5,10464.05,10482.2,267710127,134453300000.0
2018-11-13,10451.9,10596.25,10440.55,10582.5,262541595,130789800000.0
2018-11-14,10634.9,10651.6,10532.7,10576.3,396373781,193748900000.0
2018-11-15,10580.6,10646.5,10557.5,10616.7,306011926,149376700000.0
2018-11-16,10644.0,10695.15,10631.15,10682.2,353384918,167288800000.0
2018-11-19,10731.25,10774.7,10688.8,10763.4,280522364,135409000000.0
2018-11-20,10740.1,10740.85,10640.85,10656.2,304322623,130772400000.0
2018-11-21,10670.95,10671.3,10562.35,10600.05,310191008,153823200000.0
2018-11-22,10612.65,10646.25,10512.0,10526.75,246926671,122543600000.0
2018-11-26,10568.3,10637.8,10489.75,10628.6,332863041,159272500000.0
2018-11-27,10621.45,10695.15,10596.35,10685.6,382834178,172962800000.0
2018-11-28,10708.75,10757.8,10699.85,10728.85,437627174,177372800000.0
2018-11-29,10808.7,10883.05,10782.35,10858.7,712650890,262834300000.0
2018-11-30,10892.1,10922.45,10835.1,10876.75,467857329,199643300000.00003
2018-12-03,10930.7,10941.2,10845.35,10883.75,422358631,184849100000.0
2018-12-04,10877.1,10890.95,10833.35,10869.5,332137359,158571600000.0
2018-12-05,10820.45,10821.05,10747.95,10782.9,322019985,151762600000.0
2018-12-06,10718.15,10722.65,10588.25,10601.15,328275196,164888700000.0
2018-12-07,10644.8,10704.55,10599.35,10693.7,335849636,185978300000.00003
2018-12-10,10508.7,10558.85,10474.95,10488.45,393097292,165243600000.0
2018-12-11,10350.05,10567.15,10333.85,10549.15,438699334,201129100000.0
2018-12-12,10591.0,10752.2,10560.8,10737.6,371697496,174474500000.0
2018-12-13,10810.75,10838.6,10749.5,10791.55,387810061,175828000000.0
2018-12-14,10784.5,10815.75,10752.1,10805.45,350579275,144861000000.0
2018-12-17,10853.2,10900.35,10844.85,10888.35,306145514,125285900000.0
2018-12-18,10850.9,10915.4,10819.1,10908.7,294942271,135564500000.0
2018-12-19,10930.55,10985.15,10928.0,10967.3,321801803,171726400000.0
2018-12-20,10885.2,10962.55,10880.05,10951.7,328802751,149459400000.0
2018-12-21,10944.25,10963.65,10738.65,10754.0,389235107,186638500000.0
2018-12-24,10780.9,10782.3,10649.25,10663.5,230291344,106956000000.0
2018-12-26,10635.45,10747.5,10534.55,10729.85,271942701,128319900000.0
2018-12-27,10817.9,10834.2,10764.45,10779.8,470160392,191198800000.0
2018-12-28,10820.95,10893.6,10817.15,10859.9,253086507,126150100000.0
2018-12-31,10913.2,10923.55,10853.2,10862.55,186494657,101761299999.99998
2019-01-01,10881.7,10923.6,10807.1,10910.1,159404542,86882600000.0
2019-01-02,10868.85,10895.35,10735.05,10792.5,309665939,153522500000.0
2019-01-03,10796.8,10814.05,10661.25,10672.25,286241745,150304500000.0
2019-01-04,10699.7,10741.05,10628.65,10727.35,296596655,145167400000.0
2019-01-07,10804.85,10835.95,10750.15,10771.8,269371080,127312900000.00002
2019-01-08,10786.25,10818.45,10733.25,10802.15,277697672,134334800000.0
2019-01-09,10862.4,10870.4,10749.4,10855.15,333010535,162133000000.0
2019-01-10,10859.35,10859.35,10801.8,10821.6,254365477,120312600000.0
2019-01-11,10834.75,10850.15,10739.4,10794.95,260792200,130846000000.0
2019-01-14,10807.0,10808.0,10692.35,10737.6,298774178,127325700000.0
2019-01-15,10777.55,10896.95,10777.55,10886.8,310737078,148799100000.0
2019-01-16,10899.65,10928.15,10876.9,10890.3,276539042,130816299999.99998
2019-01-17,10920.85,10930.65,10844.65,10905.2,271676319,132158300000.0
2019-01-18,10914.85,10928.2,10852.2,10906.95,323814108,164088300000.00003
2019-01-21,10919.35,10987.45,10885.75,10961.85,288829125,172897000000.0
2019-01-22,10949.8,10949.8,10864.15,10922.75,300768112,174836200000.0
2019-01-23,10931.05,10944.8,10811.95,10831.5,298876314,147369100000.0
2019-01-24,10844.05,10866.6,10798.65,10849.8,361082096,152984800000.0
2019-01-25,10859.75,10931.7,10756.45,10780.55,463444758,205423600000.0
2019-01-28,10792.45,10804.45,10630.95,10661.55,419682627,211443300000.00003
2019-01-29,10653.7,10690.35,10583.65,10652.2,356908994,188320600000.0
2019-01-30,10702.25,10710.2,10612.85,10651.8,410107910,212148100000.0
2019-01-31,10690.55,10838.05,10678.55,10830.95,604818027,274711800000.0
2019-02-01,10851.35,10983.45,10813.45,10893.65,482272661,231123700000.0
2019-02-04,10876.75,10927.9,10814.15,10912.25,318300039,154788100000.0
2019-02-05,10908.65,10956.7,10886.7,10934.35,268095127,134351299999.99998
2019-02-06,10965.1,11072.6,10962.7,11062.45,298510497,151728500000.0
2019-02-07,11070.45,11118.1,11043.6,11069.4,263544426,135426900000.0
2019-02-08,11023.5,11041.2,10925.45,10943.6,352787419,155070500000.0
2019-02-11,10930.9,10930.9,10857.1,10888.8,285985383,138189200000.0
2019-02-12,10879.7,10910.9,10823.8,10831.4,292314643,144247800000.0
2019-02-13,10870.55,10891.65,10772.1,10793.65,321958549,153609800000.0
2019-02-14,10786.1,10792.7,10718.75,10746.05,627041405,207974100000.0
2019-02-15,10780.25,10785.75,10620.4,10724.4,521876968,207339500000.0
2019-02-18,10738.65,10759.9,10628.4,10640.95,345440240,149031900000.0
2019-02-19,10636.7,10722.85,10585.65,10604.35,291507060,137650100000.0
2019-02-20,10655.45,10752.7,10646.4,10735.45,289195306,132097099999.99998
2019-02-21,10744.1,10808.85,10721.5,10789.85,279584955,147585000000.0
2019-02-22,10782.7,10801.55,10758.4,10791.65,396846597,243864199999.99997
2019-02-25,10813.25,10887.1,10788.05,10880.1,385905142,164660900000.0
2019-02-26,10775.3,10888.75,10729.3,10835.3,414954476,191867500000.0
2019-02-27,10881.2,10939.7,10751.2,10806.65,381080073,183138500000.0
2019-02-28,10865.7,10865.7,10784.85,10792.5,644159018,271233400000.0
2019-03-01,10842.65,10877.9,10823.1,10863.5,308526309,150100600000.0
2019-03-05,10864.85,10994.9,10817.0,10987.45,373220239,179600300000.0
2019-03-06,11024.85,11062.3,10998.85,11053.0,372550850,178509300000.0
2019-03-07,11077.95,11089.05,11027.1,11058.2,321208766,153216800000.0
2019-03-08,11038.85,11049.0,11008.95,11035.4,326569833,143697700000.0
2019-03-11,11068.75,11180.9,11059.85,11168.05,352242287,173499500000.0
2019-03-12,11231.35,11320.4,11227.0,11301.2,391310519,208613500000.0
2019-03-13,11326.2,11352.3,11276.6,11341.7,382996187,208516699999.99997
2019-03-14,11382.5,11383.45,11313.75,11343.25,294480678,156610500000.0
2019-03-15,11376.85,11487.0,11370.8,11426.85,463704896,251432599999.99997
2019-03-18,11473.85,11530.15,11412.5,11462.2,320250041,169422200000.0
2019-03-19,11500.3,11543.85,11451.25,11532.4,326099667,161799200000.0
2019-03-20,11553.35,11556.1,11503.1,11521.05,366298049,183114400000.0
2019-03-22,11549.2,11572.8,11434.55,11456.9,386193935,197557400000.00003
2019-03-25,11395.65,11395.65,11311.6,11354.25,294459196,141011400000.0
2019-03-26,11375.2,11496.75,11352.45,11483.25,282575496,146116800000.0
2019-03-27,11531.45,11546.2,11413.0,11445.05,350446089,183565200000.0
2019-03-28,11463.65,11588.5,11452.45,11570.0,527678809,257196500000.0
2019-03-29,11625.45,11630.35,11570.15,11623.9,416276981,205152500000.0
2019-04-01,11665.2,11738.1,11644.75,11669.15,379572660,189779900000.00003
2019-04-02,11711.55,11729.35,11655.85,11713.2,386131413,186737000000.0
2019-04-03,11735.3,11761.0,11629.15,11643.95,365760070,190509500000.0
2019-04-04,11660.2,11662.55,11559.2,11598.0,349029830,197130099999.99997
2019-04-05,11638.4,11689.65,11609.5,11665.95,266665797,150003500000.0
2019-04-08,11704.35,11710.3,11549.1,11604.5,260932608,142039600000.0
2019-04-09,11612.05,11683.9,11569.7,11671.95,300467538,159843900000.0
2019-04-10,11646.85,11680.05,11571.75,11584.3,359941110,222584600000.0
2019-04-11,11592.55,11606.7,11550.55,11596.7,279775726,143322000000.0
2019-04-12,11612.85,11657.35,11578.8,11643.45,246006184,135986100000.0
2019-04-15,11667.0,11704.6,11648.25,11690.35,289996075,156357900000.0
2019-04-16,11736.2,11810.95,11731.55,11787.15,354315040,175854800000.0
2019-04-18,11856.15,11856.15,11738.5,11752.8,339653709,182712700000.0
2019-04-22,11727.05,11727.05,11583.95,11594.45,260356055,137541200000.0
2019-04-23,11612.95,11645.95,11564.8,11575.95,272544486,145005300000.0
2019-04-24,11601.5,11740.85,11578.85,11726.15,335196513,170466600000.0
2019-04-25,11735.7,11796.75,11624.3,11641.8,604360395,282543000000.0
2019-04-26,11683.75,11762.9,11661.75,11754.65,333483764,180988300000.00003
2019-04-30,11748.75,11756.25,11655.9,11748.15,532630874,233249800000.0
2019-05-02,11725.55,11789.3,11699.55,11724.75,380278045,177900600000.0
2019-05-03,11722.6,11770.9,11699.35,11712.25,305519934,151563200000.0
2019-05-06,11605.8,11632.55,11571.35,11598.25,299046480,147034200000.0
2019-05-07,11651.5,11657.05,11484.45,11497.9,337495624,166328400000.0
2019-05-08,11478.7,11479.1,11346.95,11359.45,372826025,174400099999.99997
2019-05-09,11322.4,11357.6,11255.05,11301.8,373028059,176028600000.0
2019-05-10,11314.15,11345.8,11251.05,11278.9,387323416,180851900000.0
2019-05-13,11258.7,11300.2,11125.6,11148.2,357586433,167229100000.0
2019-05-14,11151.65,11294.75,11108.3,11222.05,398122725,199063800000.0
2019-05-15,11271.7,11286.8,11136.95,11157.0,414174258,179317500000.0
2019-05-16,11180.35,11281.55,11143.35,11257.1,350734572,156295700000.0
2019-05-17,11261.9,11426.15,11259.85,11407.15,412109200,201776300000.0
2019-05-20,11651.9,11845.2,11591.7,11828.25,452096261,252237800000.0
2019-05-21,11863.65,11883.55,11682.8,11709.1,381038129,203246699999.99997
2019-05-22,11727.95,11784.8,11682.4,11737.9,355870667,195824100000.0
2019-05-23,11901.3,12041.15,11614.5,11657.05,569030654,311800800000.0
2019-05-24,11748.0,11859.0,11658.1,11844.1,374637415,200284900000.00003
2019-05-27,11855.5,11957.15,11812.4,11924.75,348356214,177353600000.0
2019-05-28,11958.35,11958.55,11864.9,11928.75,598308334,288335400000.0
2019-05-29,11905.8,11931.9,11836.8,11861.1,318068673,159859200000.0
2019-05-30,11865.3,11968.55,11859.4,11945.9,421199867,202618500000.0
2019-05-31,11999.8,12039.25,11829.45,11922.8,438879129,227890000000.0
2019-06-03,11953.75,12103.05,11920.1,12088.55,315296955,174513600000.0
2019-06-04,12052.65,12095.2,12005.85,12021.65,289221904,153082800000.0
2019-06-06,12039.8,12039.8,11830.25,11843.75,415206942,211447700000.0
2019-06-07,11865.2,11897.5,11769.5,11870.65,302455910,149394000000.0
2019-06-10,11934.9,11975.05,11871.75,11922.7,303329445,131254100000.0
2019-06-11,11959.85,12000.35,11904.35,11965.6,332181958,153922800000.0
2019-06-12,11962.45,11962.45,11866.35,11906.2,283718253,141201700000.0
2019-06-13,11873.9,11931.35,11817.05,11914.05,447901993,186809100000.0
2019-06-14,11910.1,11911.85,11797.7,11823.3,390294634,162265700000.0
2019-06-17,11844.0,11844.05,11657.75,11672.15,295528399,138516700000.0
2019-06-18,11677.05,11727.2,11641.15,11691.5,365525622,161206900000.0
2019-06-19,11744.45,11802.5,11625.1,11691.45,446933027,187227100000.0
2019-06-20,11653.65,11843.5,11635.05,11831.75,442016954,188391100000.0
2019-06-21,11827.6,11827.95,11705.1,11724.1,468430388,233461300000.0
2019-06-24,11725.8,11754.0,11670.2,11699.65,277620788,126313799999.99998
2019-06-25,11681.0,11814.4,11651.0,11796.45,300476353,138228300000.0
2019-06-26,11768.15,11871.85,11757.55,11847.55,327885018,146508900000.0
2019-06-27,11860.85,11911.15,11821.05,11841.55,480169350,233003000000.0
2019-06-28,11861.15,11871.7,11775.5,11788.85,303888701,151919000000.0
2019-07-01,11839.9,11884.65,11830.8,11865.6,278415889,128749599999.99998
2019-07-02,11890.3,11917.45,11814.7,11910.3,363197036,136159400000.0
2019-07-03,11932.15,11945.2,11887.05,11916.75,340527508,142903300000.0
2019-07-04,11928.8,11969.25,11923.65,11946.75,333595172,147588700000.0
2019-07-05,11964.75,11981.75,11797.9,11811.15,530720039,188719900000.00003
2019-07-08,11770.4,11771.9,11523.3,11558.6,464029444,191462500000.0
2019-07-09,11531.6,11582.55,11461.0,11555.9,442520253,215779500000.0
2019-07-10,11536.15,11593.7,11475.65,11498.9,337571014,160985300000.0
2019-07-11,11561.45,11599.0,11519.5,11582.9,317257578,145862000000.0
2019-07-12,11601.15,11639.55,11538.6,11552.5,359421182,169475700000.0
2019-07-15,11614.75,11618.4,11532.3,11588.35,368788782,158359900000.0
2019-07-16,11596.65,11670.05,11573.95,11662.6,480156167,159679100000.0
2019-07-17,11670.75,11706.65,11651.15,11687.5,464827734,152505000000.0
2019-07-18,11675.6,11677.15,11582.4,11596.9,498258158,166840300000.0
2019-07-19,11627.95,11640.35,11399.3,11419.25,446049198,173264000000.0
2019-07-22,11392.85,11398.15,11301.25,11346.2,516044335,193042300000.0
2019-07-23,11372.25,11398.15,11302.8,11331.05,458931191,191993200000.0
2019-07-24,11322.45,11359.75,11229.8,11271.3,413202832,183531300000.0
2019-07-25,11290.4,11361.4,11239.35,11252.15,553676897,243292100000.0
2019-07-26,11247.45,11307.6,11210.05,11284.3,522670420,203503800000.0
2019-07-29,11307.5,11310.95,11152.4,11189.2,482862376,187059199999.99997
2019-07-30,11213.7,11267.45,11072.65,11085.4,479059399,205457100000.0
2019-07-31,11034.05,11145.3,10999.4,11118.0,536694278,236812200000.0
2019-08-01,11060.2,11076.75,10881.0,10980.0,499918953,210483200000.0
2019-08-02,10930.3,11080.15,10848.95,10997.35,547416246,239720400000.0
2019-08-05,10895.8,10895.8,10782.6,10862.6,506556609,208241000000.0
2019-08-06,10815.4,11018.55,10813.8,10948.25,517891491,216764000000.0
2019-08-07,10958.1,10975.65,10835.9,10855.5,548465787,212282800000.0
2019-08-08,10899.2,11058.05,10842.95,11032.45,482471622,206676000000.0
2019-08-09,11087.9,11181.45,11062.8,11109.65,538063563,210920500000.0
2019-08-13,11139.4,11145.9,10901.6,10925.85,624634647,247906699999.99997
2019-08-14,11003.25,11078.15,10935.6,11029.4,511541716,197128100000.0
2019-08-16,11043.65,11068.65,10924.3,11047.8,470909918,192819100000.0
2019-08-19,11094.8,11146.9,11037.85,11053.9,369493161,141203500000.0
2019-08-20,11063.9,11076.3,10985.3,11017.0,444715679,169159600000.0
2019-08-21,11018.15,11034.2,10906.65,10918.7,557867906,167479900000.00003
2019-08-22,10905.3,10908.25,10718.3,10741.35,668193449,187643800000.0
2019-08-23,10699.6,10862.55,10637.15,10829.35,667079625,209837500000.0
2019-08-26,11000.3,11070.3,10756.55,11057.85,684141923,223759900000.00003
2019-08-27,11106.55,11141.75,11049.5,11105.35,685551267,274131600000.0
2019-08-28,11101.3,11129.65,10987.65,11046.1,549954696,167394300000.0
2019-08-29,10996.05,11021.1,10922.4,10948.3,649876160,201277700000.0
2019-08-30,10987.8,11042.6,10874.8,11023.25,628154431,210573100000.0
2019-09-03,10960.95,10967.5,10772.7,10797.9,483038985,165956000000.0
2019-09-04,10790.4,10858.75,10746.35,10844.65,508784352,191951000000.0
2019-09-05,10860.95,10920.1,10816.0,10847.9,595699267,182798800000.0
2019-09-06,10883.8,10957.05,10867.45,10946.2,497214445,181677800000.0
2019-09-09,10936.7,11028.85,10889.8,11003.05,412471067,147620700000.0
2019-09-11,11028.5,11054.8,11011.65,11035.7,687140326,195505900000.0
2019-09-12,11058.3,11081.75,10964.95,10982.8,551436050,175101699999.99997
2019-09-13,10986.8,11084.45,10945.75,11075.9,624305151,180127599999.99997
2019-09-16,10994.85,11052.7,10968.2,11003.5,434449776,157861700000.0
2019-09-17,11000.1,11000.1,10796.5,10817.6,482013044,177219300000.0
2019-09-18,10872.8,10885.15,10804.85,10840.65,519155072,167844300000.0
2019-09-19,10845.2,10845.2,10670.25,10704.8,642599183,166428300000.00003
2019-09-20,10746.8,11381.9,10691.0,11274.2,1356767450,540815300000.0
2019-09-23,11542.7,11694.85,11471.35,11600.2,882826741,400050100000.0
2019-09-24,11590.7,11655.05,11539.2,11588.2,651722255,269300700000.0
2019-09-25,11564.85,11564.95,11416.1,11440.2,629054640,252662400000.00003
2019-09-26,11469.85,11610.85,11466.35,11571.2,844465614,307078400000.0
2019-09-27,11556.35,11593.6,11499.75,11512.4,650017280,190369400000.0
2019-09-30,11491.15,11508.25,11390.8,11474.45,756848686,237480700000.0
2019-10-01,11515.4,11554.2,11247.9,11359.9,1305415159,289727200000.0
2019-10-03,11322.25,11370.4,11257.35,11314.0,1017479514,216583800000.0
2019-10-04,11388.45,11400.3,11158.35,11174.75,928524450,224707599999.99997
2019-10-07,11196.2,11233.85,11112.65,11126.4,733198763,186413700000.0
2019-10-09,11152.95,11321.6,11090.15,11313.3,741148639,209615400000.0
2019-10-10,11280.5,11293.35,11208.55,11234.55,562017945,192343100000.0
2019-10-11,11257.7,11362.9,11189.4,11305.05,737795150,225113900000.0
2019-10-14,11335.9,11420.45,11290.05,11341.15,587579191,174994800000.0
2019-10-15,11360.85,11462.35,11342.1,11428.3,527396180,170415500000.0
2019-10-16,11464.95,11481.05,11411.1,11464.0,533468525,182660600000.0
2019-10-17,11466.3,11599.1,11439.65,11586.35,797572398,208392000000.0
2019-10-18,11580.3,11684.7,11553.15,11661.85,853440208,223159900000.00003
2019-10-22,11657.15,11714.35,11573.65,11588.35,867601307,297262700000.0
2019-10-23,11596.2,11651.6,11554.4,11604.1,664159887,233976900000.0
2019-10-24,11661.65,11679.6,11534.65,11582.6,700481662,251774600000.0
2019-10-25,11646.15,11646.9,11490.75,11583.9,812027840,236115099999.99997
2019-10-27,11662.25,11672.4,11604.6,11627.15,161779004,35482100000.0
2019-10-29,11643.95,11809.4,11627.35,11786.85,951722529,270548700000.0
2019-10-30,11883.9,11883.95,11784.45,11844.1,725219760,226721800000.0
2019-10-31,11890.45,11945.0,11855.1,11877.45,1414837250,313047300000.0
2019-11-01,11886.6,11918.3,11843.35,11890.6,855338495,249335500000.0
2019-11-04,11928.9,11989.15,11905.35,11941.3,823050457,232038800000.0
2019-11-05,11974.6,11978.95,11861.9,11917.2,631952071,209958800000.0
2019-11-06,11911.5,12002.9,11850.25,11966.05,603351290,233249700000.0
2019-11-07,12021.1,12021.4,11946.85,12012.05,562963817,208982400000.00003
2019-11-08,11987.15,12034.15,11888.75,11908.15,789254360,229315200000.0
2019-11-11,11879.2,11932.65,11853.95,11913.45,548979515,165484700000.0
2019-11-13,11908.3,11946.8,11823.2,11840.45,659035969,204015000000.0
2019-11-14,11858.75,11895.65,11802.65,11872.1,559494025,191148600000.0
2019-11-15,11904.2,11973.65,11879.25,11895.45,580154179,223506300000.0
2019-11-18,11915.15,11946.2,11867.6,11884.5,514352437,179914100000.0
2019-11-19,11919.45,11958.85,11881.75,11940.1,613909679,215748400000.0
2019-11-20,12004.75,12038.6,11966.05,11999.1,646661147,243411400000.0
2019-11-21,12025.65,12028.2,11956.9,11968.4,557685781,216099900000.00003
2019-11-22,11967.3,11968.1,11883.5,11914.4,486815185,192435700000.0
2019-11-25,11922.45,12084.5,11919.75,12073.75,534289467,199904400000.0
2019-11-26,12110.2,12132.45,12006.35,12037.7,1201335831,460306200000.0
2019-11-27,12068.5,12114.9,12055.15,12100.7,584226618,199374000000.0
2019-11-28,12132.1,12158.8,12099.95,12151.15,620479403,212295800000.00003
2019-11-29,12146.2,12147.4,12017.4,12056.05,804430391,218380400000.0
2019-12-02,12137.05,12137.15,12023.7,12048.2,720945335,231131800000.0
2019-12-03,12067.65,12068.6,11956.4,11994.2,605789334,182037599999.99997
